"","AIC_2","BIC_2","AIC_3","BIC_3","AIC_4","BIC_4","AIC_m","BIC_m"
"iRep=1",260.673315976409,275.333727911963,258.569983068435,287.890806939544,273.038859549133,321.208784480241,3,2
"iRep=2",263.555659376942,278.216071312496,272.9468291773,302.26765304841,281.092368016768,329.262292947876,2,2
"iRep=3",254.120729647754,268.781141583308,260.496575718076,289.817399589185,270.803559785118,318.973484716226,2,2
"iRep=4",268.699343936238,283.359755871793,278.826546666705,308.147370537815,283.282211601854,331.452136532962,2,2
"iRep=5",264.76447411232,279.424886047875,269.238558473529,298.559382344638,275.131337135735,323.301262066843,2,2
"iRep=6",NA,NA,NA,NA,NA,NA,NA,NA
"iRep=7",NA,NA,NA,NA,NA,NA,NA,NA
"iRep=8",NA,NA,NA,NA,NA,NA,NA,NA
"iRep=9",NA,NA,NA,NA,NA,NA,NA,NA
"iRep=10",NA,NA,NA,NA,NA,NA,NA,NA
"iRep=11",NA,NA,NA,NA,NA,NA,NA,NA
"iRep=12",NA,NA,NA,NA,NA,NA,NA,NA
"iRep=13",NA,NA,NA,NA,NA,NA,NA,NA
"iRep=14",NA,NA,NA,NA,NA,NA,NA,NA
"iRep=15",NA,NA,NA,NA,NA,NA,NA,NA
"iRep=16",NA,NA,NA,NA,NA,NA,NA,NA
"iRep=17",NA,NA,NA,NA,NA,NA,NA,NA
"iRep=18",NA,NA,NA,NA,NA,NA,NA,NA
"iRep=19",NA,NA,NA,NA,NA,NA,NA,NA
"iRep=20",NA,NA,NA,NA,NA,NA,NA,NA
"iRep=21",NA,NA,NA,NA,NA,NA,NA,NA
"iRep=22",NA,NA,NA,NA,NA,NA,NA,NA
"iRep=23",NA,NA,NA,NA,NA,NA,NA,NA
"iRep=24",NA,NA,NA,NA,NA,NA,NA,NA
"iRep=25",NA,NA,NA,NA,NA,NA,NA,NA
"iRep=26",NA,NA,NA,NA,NA,NA,NA,NA
"iRep=27",NA,NA,NA,NA,NA,NA,NA,NA
"iRep=28",NA,NA,NA,NA,NA,NA,NA,NA
"iRep=29",NA,NA,NA,NA,NA,NA,NA,NA
"iRep=30",NA,NA,NA,NA,NA,NA,NA,NA
"iRep=31",NA,NA,NA,NA,NA,NA,NA,NA
"iRep=32",NA,NA,NA,NA,NA,NA,NA,NA
"iRep=33",NA,NA,NA,NA,NA,NA,NA,NA
"iRep=34",NA,NA,NA,NA,NA,NA,NA,NA
"iRep=35",NA,NA,NA,NA,NA,NA,NA,NA
"iRep=36",NA,NA,NA,NA,NA,NA,NA,NA
"iRep=37",NA,NA,NA,NA,NA,NA,NA,NA
"iRep=38",NA,NA,NA,NA,NA,NA,NA,NA
"iRep=39",NA,NA,NA,NA,NA,NA,NA,NA
"iRep=40",NA,NA,NA,NA,NA,NA,NA,NA
"iRep=41",NA,NA,NA,NA,NA,NA,NA,NA
"iRep=42",NA,NA,NA,NA,NA,NA,NA,NA
"iRep=43",NA,NA,NA,NA,NA,NA,NA,NA
"iRep=44",NA,NA,NA,NA,NA,NA,NA,NA
"iRep=45",NA,NA,NA,NA,NA,NA,NA,NA
"iRep=46",NA,NA,NA,NA,NA,NA,NA,NA
"iRep=47",NA,NA,NA,NA,NA,NA,NA,NA
"iRep=48",NA,NA,NA,NA,NA,NA,NA,NA
"iRep=49",NA,NA,NA,NA,NA,NA,NA,NA
"iRep=50",NA,NA,NA,NA,NA,NA,NA,NA
"iRep=51",NA,NA,NA,NA,NA,NA,NA,NA
"iRep=52",NA,NA,NA,NA,NA,NA,NA,NA
"iRep=53",NA,NA,NA,NA,NA,NA,NA,NA
"iRep=54",NA,NA,NA,NA,NA,NA,NA,NA
"iRep=55",NA,NA,NA,NA,NA,NA,NA,NA
"iRep=56",NA,NA,NA,NA,NA,NA,NA,NA
"iRep=57",NA,NA,NA,NA,NA,NA,NA,NA
"iRep=58",NA,NA,NA,NA,NA,NA,NA,NA
"iRep=59",NA,NA,NA,NA,NA,NA,NA,NA
"iRep=60",NA,NA,NA,NA,NA,NA,NA,NA
"iRep=61",NA,NA,NA,NA,NA,NA,NA,NA
"iRep=62",NA,NA,NA,NA,NA,NA,NA,NA
"iRep=63",NA,NA,NA,NA,NA,NA,NA,NA
"iRep=64",NA,NA,NA,NA,NA,NA,NA,NA
"iRep=65",NA,NA,NA,NA,NA,NA,NA,NA
"iRep=66",NA,NA,NA,NA,NA,NA,NA,NA
"iRep=67",NA,NA,NA,NA,NA,NA,NA,NA
"iRep=68",NA,NA,NA,NA,NA,NA,NA,NA
"iRep=69",NA,NA,NA,NA,NA,NA,NA,NA
"iRep=70",NA,NA,NA,NA,NA,NA,NA,NA
"iRep=71",NA,NA,NA,NA,NA,NA,NA,NA
"iRep=72",NA,NA,NA,NA,NA,NA,NA,NA
"iRep=73",NA,NA,NA,NA,NA,NA,NA,NA
"iRep=74",NA,NA,NA,NA,NA,NA,NA,NA
"iRep=75",NA,NA,NA,NA,NA,NA,NA,NA
"iRep=76",NA,NA,NA,NA,NA,NA,NA,NA
"iRep=77",NA,NA,NA,NA,NA,NA,NA,NA
"iRep=78",NA,NA,NA,NA,NA,NA,NA,NA
"iRep=79",NA,NA,NA,NA,NA,NA,NA,NA
"iRep=80",NA,NA,NA,NA,NA,NA,NA,NA
"iRep=81",NA,NA,NA,NA,NA,NA,NA,NA
"iRep=82",NA,NA,NA,NA,NA,NA,NA,NA
"iRep=83",NA,NA,NA,NA,NA,NA,NA,NA
"iRep=84",NA,NA,NA,NA,NA,NA,NA,NA
"iRep=85",NA,NA,NA,NA,NA,NA,NA,NA
"iRep=86",NA,NA,NA,NA,NA,NA,NA,NA
"iRep=87",NA,NA,NA,NA,NA,NA,NA,NA
"iRep=88",NA,NA,NA,NA,NA,NA,NA,NA
"iRep=89",NA,NA,NA,NA,NA,NA,NA,NA
"iRep=90",NA,NA,NA,NA,NA,NA,NA,NA
"iRep=91",NA,NA,NA,NA,NA,NA,NA,NA
"iRep=92",NA,NA,NA,NA,NA,NA,NA,NA
"iRep=93",NA,NA,NA,NA,NA,NA,NA,NA
"iRep=94",NA,NA,NA,NA,NA,NA,NA,NA
"iRep=95",NA,NA,NA,NA,NA,NA,NA,NA
"iRep=96",NA,NA,NA,NA,NA,NA,NA,NA
"iRep=97",NA,NA,NA,NA,NA,NA,NA,NA
"iRep=98",NA,NA,NA,NA,NA,NA,NA,NA
"iRep=99",NA,NA,NA,NA,NA,NA,NA,NA
"iRep=100",NA,NA,NA,NA,NA,NA,NA,NA
"iRep=101",NA,NA,NA,NA,NA,NA,NA,NA
"iRep=102",NA,NA,NA,NA,NA,NA,NA,NA
"iRep=103",NA,NA,NA,NA,NA,NA,NA,NA
"iRep=104",NA,NA,NA,NA,NA,NA,NA,NA
"iRep=105",NA,NA,NA,NA,NA,NA,NA,NA
"iRep=106",NA,NA,NA,NA,NA,NA,NA,NA
"iRep=107",NA,NA,NA,NA,NA,NA,NA,NA
"iRep=108",NA,NA,NA,NA,NA,NA,NA,NA
"iRep=109",NA,NA,NA,NA,NA,NA,NA,NA
"iRep=110",NA,NA,NA,NA,NA,NA,NA,NA
"iRep=111",NA,NA,NA,NA,NA,NA,NA,NA
"iRep=112",NA,NA,NA,NA,NA,NA,NA,NA
"iRep=113",NA,NA,NA,NA,NA,NA,NA,NA
"iRep=114",NA,NA,NA,NA,NA,NA,NA,NA
"iRep=115",NA,NA,NA,NA,NA,NA,NA,NA
"iRep=116",NA,NA,NA,NA,NA,NA,NA,NA
"iRep=117",NA,NA,NA,NA,NA,NA,NA,NA
"iRep=118",NA,NA,NA,NA,NA,NA,NA,NA
"iRep=119",NA,NA,NA,NA,NA,NA,NA,NA
"iRep=120",NA,NA,NA,NA,NA,NA,NA,NA
"iRep=121",NA,NA,NA,NA,NA,NA,NA,NA
"iRep=122",NA,NA,NA,NA,NA,NA,NA,NA
"iRep=123",NA,NA,NA,NA,NA,NA,NA,NA
"iRep=124",NA,NA,NA,NA,NA,NA,NA,NA
"iRep=125",NA,NA,NA,NA,NA,NA,NA,NA
"iRep=126",NA,NA,NA,NA,NA,NA,NA,NA
"iRep=127",NA,NA,NA,NA,NA,NA,NA,NA
"iRep=128",NA,NA,NA,NA,NA,NA,NA,NA
"iRep=129",NA,NA,NA,NA,NA,NA,NA,NA
"iRep=130",NA,NA,NA,NA,NA,NA,NA,NA
"iRep=131",NA,NA,NA,NA,NA,NA,NA,NA
"iRep=132",NA,NA,NA,NA,NA,NA,NA,NA
"iRep=133",NA,NA,NA,NA,NA,NA,NA,NA
"iRep=134",NA,NA,NA,NA,NA,NA,NA,NA
"iRep=135",NA,NA,NA,NA,NA,NA,NA,NA
"iRep=136",NA,NA,NA,NA,NA,NA,NA,NA
"iRep=137",NA,NA,NA,NA,NA,NA,NA,NA
"iRep=138",NA,NA,NA,NA,NA,NA,NA,NA
"iRep=139",NA,NA,NA,NA,NA,NA,NA,NA
"iRep=140",NA,NA,NA,NA,NA,NA,NA,NA
"iRep=141",NA,NA,NA,NA,NA,NA,NA,NA
"iRep=142",NA,NA,NA,NA,NA,NA,NA,NA
"iRep=143",NA,NA,NA,NA,NA,NA,NA,NA
"iRep=144",NA,NA,NA,NA,NA,NA,NA,NA
"iRep=145",NA,NA,NA,NA,NA,NA,NA,NA
"iRep=146",NA,NA,NA,NA,NA,NA,NA,NA
"iRep=147",NA,NA,NA,NA,NA,NA,NA,NA
"iRep=148",NA,NA,NA,NA,NA,NA,NA,NA
"iRep=149",NA,NA,NA,NA,NA,NA,NA,NA
"iRep=150",NA,NA,NA,NA,NA,NA,NA,NA
"iRep=151",NA,NA,NA,NA,NA,NA,NA,NA
"iRep=152",NA,NA,NA,NA,NA,NA,NA,NA
"iRep=153",NA,NA,NA,NA,NA,NA,NA,NA
"iRep=154",NA,NA,NA,NA,NA,NA,NA,NA
"iRep=155",NA,NA,NA,NA,NA,NA,NA,NA
"iRep=156",NA,NA,NA,NA,NA,NA,NA,NA
"iRep=157",NA,NA,NA,NA,NA,NA,NA,NA
"iRep=158",NA,NA,NA,NA,NA,NA,NA,NA
"iRep=159",NA,NA,NA,NA,NA,NA,NA,NA
"iRep=160",NA,NA,NA,NA,NA,NA,NA,NA
"iRep=161",NA,NA,NA,NA,NA,NA,NA,NA
"iRep=162",NA,NA,NA,NA,NA,NA,NA,NA
"iRep=163",NA,NA,NA,NA,NA,NA,NA,NA
"iRep=164",NA,NA,NA,NA,NA,NA,NA,NA
"iRep=165",NA,NA,NA,NA,NA,NA,NA,NA
"iRep=166",NA,NA,NA,NA,NA,NA,NA,NA
"iRep=167",NA,NA,NA,NA,NA,NA,NA,NA
"iRep=168",NA,NA,NA,NA,NA,NA,NA,NA
"iRep=169",NA,NA,NA,NA,NA,NA,NA,NA
"iRep=170",NA,NA,NA,NA,NA,NA,NA,NA
"iRep=171",NA,NA,NA,NA,NA,NA,NA,NA
"iRep=172",NA,NA,NA,NA,NA,NA,NA,NA
"iRep=173",NA,NA,NA,NA,NA,NA,NA,NA
"iRep=174",NA,NA,NA,NA,NA,NA,NA,NA
"iRep=175",NA,NA,NA,NA,NA,NA,NA,NA
"iRep=176",NA,NA,NA,NA,NA,NA,NA,NA
"iRep=177",NA,NA,NA,NA,NA,NA,NA,NA
"iRep=178",NA,NA,NA,NA,NA,NA,NA,NA
"iRep=179",NA,NA,NA,NA,NA,NA,NA,NA
"iRep=180",NA,NA,NA,NA,NA,NA,NA,NA
"iRep=181",NA,NA,NA,NA,NA,NA,NA,NA
"iRep=182",NA,NA,NA,NA,NA,NA,NA,NA
"iRep=183",NA,NA,NA,NA,NA,NA,NA,NA
"iRep=184",NA,NA,NA,NA,NA,NA,NA,NA
"iRep=185",NA,NA,NA,NA,NA,NA,NA,NA
"iRep=186",NA,NA,NA,NA,NA,NA,NA,NA
"iRep=187",NA,NA,NA,NA,NA,NA,NA,NA
"iRep=188",NA,NA,NA,NA,NA,NA,NA,NA
"iRep=189",NA,NA,NA,NA,NA,NA,NA,NA
"iRep=190",NA,NA,NA,NA,NA,NA,NA,NA
"iRep=191",NA,NA,NA,NA,NA,NA,NA,NA
"iRep=192",NA,NA,NA,NA,NA,NA,NA,NA
"iRep=193",NA,NA,NA,NA,NA,NA,NA,NA
"iRep=194",NA,NA,NA,NA,NA,NA,NA,NA
"iRep=195",NA,NA,NA,NA,NA,NA,NA,NA
"iRep=196",NA,NA,NA,NA,NA,NA,NA,NA
"iRep=197",NA,NA,NA,NA,NA,NA,NA,NA
"iRep=198",NA,NA,NA,NA,NA,NA,NA,NA
"iRep=199",NA,NA,NA,NA,NA,NA,NA,NA
"iRep=200",NA,NA,NA,NA,NA,NA,NA,NA
"iRep=201",NA,NA,NA,NA,NA,NA,NA,NA
"iRep=202",NA,NA,NA,NA,NA,NA,NA,NA
"iRep=203",NA,NA,NA,NA,NA,NA,NA,NA
"iRep=204",NA,NA,NA,NA,NA,NA,NA,NA
"iRep=205",NA,NA,NA,NA,NA,NA,NA,NA
"iRep=206",NA,NA,NA,NA,NA,NA,NA,NA
"iRep=207",NA,NA,NA,NA,NA,NA,NA,NA
"iRep=208",NA,NA,NA,NA,NA,NA,NA,NA
"iRep=209",NA,NA,NA,NA,NA,NA,NA,NA
"iRep=210",NA,NA,NA,NA,NA,NA,NA,NA
"iRep=211",NA,NA,NA,NA,NA,NA,NA,NA
"iRep=212",NA,NA,NA,NA,NA,NA,NA,NA
"iRep=213",NA,NA,NA,NA,NA,NA,NA,NA
"iRep=214",NA,NA,NA,NA,NA,NA,NA,NA
"iRep=215",NA,NA,NA,NA,NA,NA,NA,NA
"iRep=216",NA,NA,NA,NA,NA,NA,NA,NA
"iRep=217",NA,NA,NA,NA,NA,NA,NA,NA
"iRep=218",NA,NA,NA,NA,NA,NA,NA,NA
"iRep=219",NA,NA,NA,NA,NA,NA,NA,NA
"iRep=220",NA,NA,NA,NA,NA,NA,NA,NA
"iRep=221",NA,NA,NA,NA,NA,NA,NA,NA
"iRep=222",NA,NA,NA,NA,NA,NA,NA,NA
"iRep=223",NA,NA,NA,NA,NA,NA,NA,NA
"iRep=224",NA,NA,NA,NA,NA,NA,NA,NA
"iRep=225",NA,NA,NA,NA,NA,NA,NA,NA
"iRep=226",NA,NA,NA,NA,NA,NA,NA,NA
"iRep=227",NA,NA,NA,NA,NA,NA,NA,NA
"iRep=228",NA,NA,NA,NA,NA,NA,NA,NA
"iRep=229",NA,NA,NA,NA,NA,NA,NA,NA
"iRep=230",NA,NA,NA,NA,NA,NA,NA,NA
"iRep=231",NA,NA,NA,NA,NA,NA,NA,NA
"iRep=232",NA,NA,NA,NA,NA,NA,NA,NA
"iRep=233",NA,NA,NA,NA,NA,NA,NA,NA
"iRep=234",NA,NA,NA,NA,NA,NA,NA,NA
"iRep=235",NA,NA,NA,NA,NA,NA,NA,NA
"iRep=236",NA,NA,NA,NA,NA,NA,NA,NA
"iRep=237",NA,NA,NA,NA,NA,NA,NA,NA
"iRep=238",NA,NA,NA,NA,NA,NA,NA,NA
"iRep=239",NA,NA,NA,NA,NA,NA,NA,NA
"iRep=240",NA,NA,NA,NA,NA,NA,NA,NA
"iRep=241",NA,NA,NA,NA,NA,NA,NA,NA
"iRep=242",NA,NA,NA,NA,NA,NA,NA,NA
"iRep=243",NA,NA,NA,NA,NA,NA,NA,NA
"iRep=244",NA,NA,NA,NA,NA,NA,NA,NA
"iRep=245",NA,NA,NA,NA,NA,NA,NA,NA
"iRep=246",NA,NA,NA,NA,NA,NA,NA,NA
"iRep=247",NA,NA,NA,NA,NA,NA,NA,NA
"iRep=248",NA,NA,NA,NA,NA,NA,NA,NA
"iRep=249",NA,NA,NA,NA,NA,NA,NA,NA
"iRep=250",NA,NA,NA,NA,NA,NA,NA,NA
"iRep=251",NA,NA,NA,NA,NA,NA,NA,NA
"iRep=252",NA,NA,NA,NA,NA,NA,NA,NA
"iRep=253",NA,NA,NA,NA,NA,NA,NA,NA
"iRep=254",NA,NA,NA,NA,NA,NA,NA,NA
"iRep=255",NA,NA,NA,NA,NA,NA,NA,NA
"iRep=256",NA,NA,NA,NA,NA,NA,NA,NA
"iRep=257",NA,NA,NA,NA,NA,NA,NA,NA
"iRep=258",NA,NA,NA,NA,NA,NA,NA,NA
"iRep=259",NA,NA,NA,NA,NA,NA,NA,NA
"iRep=260",NA,NA,NA,NA,NA,NA,NA,NA
"iRep=261",NA,NA,NA,NA,NA,NA,NA,NA
"iRep=262",NA,NA,NA,NA,NA,NA,NA,NA
"iRep=263",NA,NA,NA,NA,NA,NA,NA,NA
"iRep=264",NA,NA,NA,NA,NA,NA,NA,NA
"iRep=265",NA,NA,NA,NA,NA,NA,NA,NA
"iRep=266",NA,NA,NA,NA,NA,NA,NA,NA
"iRep=267",NA,NA,NA,NA,NA,NA,NA,NA
"iRep=268",NA,NA,NA,NA,NA,NA,NA,NA
"iRep=269",NA,NA,NA,NA,NA,NA,NA,NA
"iRep=270",NA,NA,NA,NA,NA,NA,NA,NA
"iRep=271",NA,NA,NA,NA,NA,NA,NA,NA
"iRep=272",NA,NA,NA,NA,NA,NA,NA,NA
"iRep=273",NA,NA,NA,NA,NA,NA,NA,NA
"iRep=274",NA,NA,NA,NA,NA,NA,NA,NA
"iRep=275",NA,NA,NA,NA,NA,NA,NA,NA
"iRep=276",NA,NA,NA,NA,NA,NA,NA,NA
"iRep=277",NA,NA,NA,NA,NA,NA,NA,NA
"iRep=278",NA,NA,NA,NA,NA,NA,NA,NA
"iRep=279",NA,NA,NA,NA,NA,NA,NA,NA
"iRep=280",NA,NA,NA,NA,NA,NA,NA,NA
"iRep=281",NA,NA,NA,NA,NA,NA,NA,NA
"iRep=282",NA,NA,NA,NA,NA,NA,NA,NA
"iRep=283",NA,NA,NA,NA,NA,NA,NA,NA
"iRep=284",NA,NA,NA,NA,NA,NA,NA,NA
"iRep=285",NA,NA,NA,NA,NA,NA,NA,NA
"iRep=286",NA,NA,NA,NA,NA,NA,NA,NA
"iRep=287",NA,NA,NA,NA,NA,NA,NA,NA
"iRep=288",NA,NA,NA,NA,NA,NA,NA,NA
"iRep=289",NA,NA,NA,NA,NA,NA,NA,NA
"iRep=290",NA,NA,NA,NA,NA,NA,NA,NA
"iRep=291",NA,NA,NA,NA,NA,NA,NA,NA
"iRep=292",NA,NA,NA,NA,NA,NA,NA,NA
"iRep=293",NA,NA,NA,NA,NA,NA,NA,NA
"iRep=294",NA,NA,NA,NA,NA,NA,NA,NA
"iRep=295",NA,NA,NA,NA,NA,NA,NA,NA
"iRep=296",NA,NA,NA,NA,NA,NA,NA,NA
"iRep=297",NA,NA,NA,NA,NA,NA,NA,NA
"iRep=298",NA,NA,NA,NA,NA,NA,NA,NA
"iRep=299",NA,NA,NA,NA,NA,NA,NA,NA
"iRep=300",NA,NA,NA,NA,NA,NA,NA,NA
"iRep=301",NA,NA,NA,NA,NA,NA,NA,NA
"iRep=302",NA,NA,NA,NA,NA,NA,NA,NA
"iRep=303",NA,NA,NA,NA,NA,NA,NA,NA
"iRep=304",NA,NA,NA,NA,NA,NA,NA,NA
"iRep=305",NA,NA,NA,NA,NA,NA,NA,NA
"iRep=306",NA,NA,NA,NA,NA,NA,NA,NA
"iRep=307",NA,NA,NA,NA,NA,NA,NA,NA
"iRep=308",NA,NA,NA,NA,NA,NA,NA,NA
"iRep=309",NA,NA,NA,NA,NA,NA,NA,NA
"iRep=310",NA,NA,NA,NA,NA,NA,NA,NA
"iRep=311",NA,NA,NA,NA,NA,NA,NA,NA
"iRep=312",NA,NA,NA,NA,NA,NA,NA,NA
"iRep=313",NA,NA,NA,NA,NA,NA,NA,NA
"iRep=314",NA,NA,NA,NA,NA,NA,NA,NA
"iRep=315",NA,NA,NA,NA,NA,NA,NA,NA
"iRep=316",NA,NA,NA,NA,NA,NA,NA,NA
"iRep=317",NA,NA,NA,NA,NA,NA,NA,NA
"iRep=318",NA,NA,NA,NA,NA,NA,NA,NA
"iRep=319",NA,NA,NA,NA,NA,NA,NA,NA
"iRep=320",NA,NA,NA,NA,NA,NA,NA,NA
"iRep=321",NA,NA,NA,NA,NA,NA,NA,NA
"iRep=322",NA,NA,NA,NA,NA,NA,NA,NA
"iRep=323",NA,NA,NA,NA,NA,NA,NA,NA
"iRep=324",NA,NA,NA,NA,NA,NA,NA,NA
"iRep=325",NA,NA,NA,NA,NA,NA,NA,NA
"iRep=326",NA,NA,NA,NA,NA,NA,NA,NA
"iRep=327",NA,NA,NA,NA,NA,NA,NA,NA
"iRep=328",NA,NA,NA,NA,NA,NA,NA,NA
"iRep=329",NA,NA,NA,NA,NA,NA,NA,NA
"iRep=330",NA,NA,NA,NA,NA,NA,NA,NA
"iRep=331",NA,NA,NA,NA,NA,NA,NA,NA
"iRep=332",NA,NA,NA,NA,NA,NA,NA,NA
"iRep=333",NA,NA,NA,NA,NA,NA,NA,NA
"iRep=334",NA,NA,NA,NA,NA,NA,NA,NA
"iRep=335",NA,NA,NA,NA,NA,NA,NA,NA
"iRep=336",NA,NA,NA,NA,NA,NA,NA,NA
"iRep=337",NA,NA,NA,NA,NA,NA,NA,NA
"iRep=338",NA,NA,NA,NA,NA,NA,NA,NA
"iRep=339",NA,NA,NA,NA,NA,NA,NA,NA
"iRep=340",NA,NA,NA,NA,NA,NA,NA,NA
"iRep=341",NA,NA,NA,NA,NA,NA,NA,NA
"iRep=342",NA,NA,NA,NA,NA,NA,NA,NA
"iRep=343",NA,NA,NA,NA,NA,NA,NA,NA
"iRep=344",NA,NA,NA,NA,NA,NA,NA,NA
"iRep=345",NA,NA,NA,NA,NA,NA,NA,NA
"iRep=346",NA,NA,NA,NA,NA,NA,NA,NA
"iRep=347",NA,NA,NA,NA,NA,NA,NA,NA
"iRep=348",NA,NA,NA,NA,NA,NA,NA,NA
"iRep=349",NA,NA,NA,NA,NA,NA,NA,NA
"iRep=350",NA,NA,NA,NA,NA,NA,NA,NA
"iRep=351",NA,NA,NA,NA,NA,NA,NA,NA
"iRep=352",NA,NA,NA,NA,NA,NA,NA,NA
"iRep=353",NA,NA,NA,NA,NA,NA,NA,NA
"iRep=354",NA,NA,NA,NA,NA,NA,NA,NA
"iRep=355",NA,NA,NA,NA,NA,NA,NA,NA
"iRep=356",NA,NA,NA,NA,NA,NA,NA,NA
"iRep=357",NA,NA,NA,NA,NA,NA,NA,NA
"iRep=358",NA,NA,NA,NA,NA,NA,NA,NA
"iRep=359",NA,NA,NA,NA,NA,NA,NA,NA
"iRep=360",NA,NA,NA,NA,NA,NA,NA,NA
"iRep=361",NA,NA,NA,NA,NA,NA,NA,NA
"iRep=362",NA,NA,NA,NA,NA,NA,NA,NA
"iRep=363",NA,NA,NA,NA,NA,NA,NA,NA
"iRep=364",NA,NA,NA,NA,NA,NA,NA,NA
"iRep=365",NA,NA,NA,NA,NA,NA,NA,NA
"iRep=366",NA,NA,NA,NA,NA,NA,NA,NA
"iRep=367",NA,NA,NA,NA,NA,NA,NA,NA
"iRep=368",NA,NA,NA,NA,NA,NA,NA,NA
"iRep=369",NA,NA,NA,NA,NA,NA,NA,NA
"iRep=370",NA,NA,NA,NA,NA,NA,NA,NA
"iRep=371",NA,NA,NA,NA,NA,NA,NA,NA
"iRep=372",NA,NA,NA,NA,NA,NA,NA,NA
"iRep=373",NA,NA,NA,NA,NA,NA,NA,NA
"iRep=374",NA,NA,NA,NA,NA,NA,NA,NA
"iRep=375",NA,NA,NA,NA,NA,NA,NA,NA
"iRep=376",NA,NA,NA,NA,NA,NA,NA,NA
"iRep=377",NA,NA,NA,NA,NA,NA,NA,NA
"iRep=378",NA,NA,NA,NA,NA,NA,NA,NA
"iRep=379",NA,NA,NA,NA,NA,NA,NA,NA
"iRep=380",NA,NA,NA,NA,NA,NA,NA,NA
"iRep=381",NA,NA,NA,NA,NA,NA,NA,NA
"iRep=382",NA,NA,NA,NA,NA,NA,NA,NA
"iRep=383",NA,NA,NA,NA,NA,NA,NA,NA
"iRep=384",NA,NA,NA,NA,NA,NA,NA,NA
"iRep=385",NA,NA,NA,NA,NA,NA,NA,NA
"iRep=386",NA,NA,NA,NA,NA,NA,NA,NA
"iRep=387",NA,NA,NA,NA,NA,NA,NA,NA
"iRep=388",NA,NA,NA,NA,NA,NA,NA,NA
"iRep=389",NA,NA,NA,NA,NA,NA,NA,NA
"iRep=390",NA,NA,NA,NA,NA,NA,NA,NA
"iRep=391",NA,NA,NA,NA,NA,NA,NA,NA
"iRep=392",NA,NA,NA,NA,NA,NA,NA,NA
"iRep=393",NA,NA,NA,NA,NA,NA,NA,NA
"iRep=394",NA,NA,NA,NA,NA,NA,NA,NA
"iRep=395",NA,NA,NA,NA,NA,NA,NA,NA
"iRep=396",NA,NA,NA,NA,NA,NA,NA,NA
"iRep=397",NA,NA,NA,NA,NA,NA,NA,NA
"iRep=398",NA,NA,NA,NA,NA,NA,NA,NA
"iRep=399",NA,NA,NA,NA,NA,NA,NA,NA
"iRep=400",NA,NA,NA,NA,NA,NA,NA,NA
"iRep=401",NA,NA,NA,NA,NA,NA,NA,NA
"iRep=402",NA,NA,NA,NA,NA,NA,NA,NA
"iRep=403",NA,NA,NA,NA,NA,NA,NA,NA
"iRep=404",NA,NA,NA,NA,NA,NA,NA,NA
"iRep=405",NA,NA,NA,NA,NA,NA,NA,NA
"iRep=406",NA,NA,NA,NA,NA,NA,NA,NA
"iRep=407",NA,NA,NA,NA,NA,NA,NA,NA
"iRep=408",NA,NA,NA,NA,NA,NA,NA,NA
"iRep=409",NA,NA,NA,NA,NA,NA,NA,NA
"iRep=410",NA,NA,NA,NA,NA,NA,NA,NA
"iRep=411",NA,NA,NA,NA,NA,NA,NA,NA
"iRep=412",NA,NA,NA,NA,NA,NA,NA,NA
"iRep=413",NA,NA,NA,NA,NA,NA,NA,NA
"iRep=414",NA,NA,NA,NA,NA,NA,NA,NA
"iRep=415",NA,NA,NA,NA,NA,NA,NA,NA
"iRep=416",NA,NA,NA,NA,NA,NA,NA,NA
"iRep=417",NA,NA,NA,NA,NA,NA,NA,NA
"iRep=418",NA,NA,NA,NA,NA,NA,NA,NA
"iRep=419",NA,NA,NA,NA,NA,NA,NA,NA
"iRep=420",NA,NA,NA,NA,NA,NA,NA,NA
"iRep=421",NA,NA,NA,NA,NA,NA,NA,NA
"iRep=422",NA,NA,NA,NA,NA,NA,NA,NA
"iRep=423",NA,NA,NA,NA,NA,NA,NA,NA
"iRep=424",NA,NA,NA,NA,NA,NA,NA,NA
"iRep=425",NA,NA,NA,NA,NA,NA,NA,NA
"iRep=426",NA,NA,NA,NA,NA,NA,NA,NA
"iRep=427",NA,NA,NA,NA,NA,NA,NA,NA
"iRep=428",NA,NA,NA,NA,NA,NA,NA,NA
"iRep=429",NA,NA,NA,NA,NA,NA,NA,NA
"iRep=430",NA,NA,NA,NA,NA,NA,NA,NA
"iRep=431",NA,NA,NA,NA,NA,NA,NA,NA
"iRep=432",NA,NA,NA,NA,NA,NA,NA,NA
"iRep=433",NA,NA,NA,NA,NA,NA,NA,NA
"iRep=434",NA,NA,NA,NA,NA,NA,NA,NA
"iRep=435",NA,NA,NA,NA,NA,NA,NA,NA
"iRep=436",NA,NA,NA,NA,NA,NA,NA,NA
"iRep=437",NA,NA,NA,NA,NA,NA,NA,NA
"iRep=438",NA,NA,NA,NA,NA,NA,NA,NA
"iRep=439",NA,NA,NA,NA,NA,NA,NA,NA
"iRep=440",NA,NA,NA,NA,NA,NA,NA,NA
"iRep=441",NA,NA,NA,NA,NA,NA,NA,NA
"iRep=442",NA,NA,NA,NA,NA,NA,NA,NA
"iRep=443",NA,NA,NA,NA,NA,NA,NA,NA
"iRep=444",NA,NA,NA,NA,NA,NA,NA,NA
"iRep=445",NA,NA,NA,NA,NA,NA,NA,NA
"iRep=446",NA,NA,NA,NA,NA,NA,NA,NA
"iRep=447",NA,NA,NA,NA,NA,NA,NA,NA
"iRep=448",NA,NA,NA,NA,NA,NA,NA,NA
"iRep=449",NA,NA,NA,NA,NA,NA,NA,NA
"iRep=450",NA,NA,NA,NA,NA,NA,NA,NA
"iRep=451",NA,NA,NA,NA,NA,NA,NA,NA
"iRep=452",NA,NA,NA,NA,NA,NA,NA,NA
"iRep=453",NA,NA,NA,NA,NA,NA,NA,NA
"iRep=454",NA,NA,NA,NA,NA,NA,NA,NA
"iRep=455",NA,NA,NA,NA,NA,NA,NA,NA
"iRep=456",NA,NA,NA,NA,NA,NA,NA,NA
"iRep=457",NA,NA,NA,NA,NA,NA,NA,NA
"iRep=458",NA,NA,NA,NA,NA,NA,NA,NA
"iRep=459",NA,NA,NA,NA,NA,NA,NA,NA
"iRep=460",NA,NA,NA,NA,NA,NA,NA,NA
"iRep=461",NA,NA,NA,NA,NA,NA,NA,NA
"iRep=462",NA,NA,NA,NA,NA,NA,NA,NA
"iRep=463",NA,NA,NA,NA,NA,NA,NA,NA
"iRep=464",NA,NA,NA,NA,NA,NA,NA,NA
"iRep=465",NA,NA,NA,NA,NA,NA,NA,NA
"iRep=466",NA,NA,NA,NA,NA,NA,NA,NA
"iRep=467",NA,NA,NA,NA,NA,NA,NA,NA
"iRep=468",NA,NA,NA,NA,NA,NA,NA,NA
"iRep=469",NA,NA,NA,NA,NA,NA,NA,NA
"iRep=470",NA,NA,NA,NA,NA,NA,NA,NA
"iRep=471",NA,NA,NA,NA,NA,NA,NA,NA
"iRep=472",NA,NA,NA,NA,NA,NA,NA,NA
"iRep=473",NA,NA,NA,NA,NA,NA,NA,NA
"iRep=474",NA,NA,NA,NA,NA,NA,NA,NA
"iRep=475",NA,NA,NA,NA,NA,NA,NA,NA
"iRep=476",NA,NA,NA,NA,NA,NA,NA,NA
"iRep=477",NA,NA,NA,NA,NA,NA,NA,NA
"iRep=478",NA,NA,NA,NA,NA,NA,NA,NA
"iRep=479",NA,NA,NA,NA,NA,NA,NA,NA
"iRep=480",NA,NA,NA,NA,NA,NA,NA,NA
"iRep=481",NA,NA,NA,NA,NA,NA,NA,NA
"iRep=482",NA,NA,NA,NA,NA,NA,NA,NA
"iRep=483",NA,NA,NA,NA,NA,NA,NA,NA
"iRep=484",NA,NA,NA,NA,NA,NA,NA,NA
"iRep=485",NA,NA,NA,NA,NA,NA,NA,NA
"iRep=486",NA,NA,NA,NA,NA,NA,NA,NA
"iRep=487",NA,NA,NA,NA,NA,NA,NA,NA
"iRep=488",NA,NA,NA,NA,NA,NA,NA,NA
"iRep=489",NA,NA,NA,NA,NA,NA,NA,NA
"iRep=490",NA,NA,NA,NA,NA,NA,NA,NA
"iRep=491",NA,NA,NA,NA,NA,NA,NA,NA
"iRep=492",NA,NA,NA,NA,NA,NA,NA,NA
"iRep=493",NA,NA,NA,NA,NA,NA,NA,NA
"iRep=494",NA,NA,NA,NA,NA,NA,NA,NA
"iRep=495",NA,NA,NA,NA,NA,NA,NA,NA
"iRep=496",NA,NA,NA,NA,NA,NA,NA,NA
"iRep=497",NA,NA,NA,NA,NA,NA,NA,NA
"iRep=498",NA,NA,NA,NA,NA,NA,NA,NA
"iRep=499",NA,NA,NA,NA,NA,NA,NA,NA
"iRep=500",NA,NA,NA,NA,NA,NA,NA,NA
"iRep=501",NA,NA,NA,NA,NA,NA,NA,NA
"iRep=502",NA,NA,NA,NA,NA,NA,NA,NA
"iRep=503",NA,NA,NA,NA,NA,NA,NA,NA
"iRep=504",NA,NA,NA,NA,NA,NA,NA,NA
"iRep=505",NA,NA,NA,NA,NA,NA,NA,NA
"iRep=506",NA,NA,NA,NA,NA,NA,NA,NA
"iRep=507",NA,NA,NA,NA,NA,NA,NA,NA
"iRep=508",NA,NA,NA,NA,NA,NA,NA,NA
"iRep=509",NA,NA,NA,NA,NA,NA,NA,NA
"iRep=510",NA,NA,NA,NA,NA,NA,NA,NA
"iRep=511",NA,NA,NA,NA,NA,NA,NA,NA
"iRep=512",NA,NA,NA,NA,NA,NA,NA,NA
"iRep=513",NA,NA,NA,NA,NA,NA,NA,NA
"iRep=514",NA,NA,NA,NA,NA,NA,NA,NA
"iRep=515",NA,NA,NA,NA,NA,NA,NA,NA
"iRep=516",NA,NA,NA,NA,NA,NA,NA,NA
"iRep=517",NA,NA,NA,NA,NA,NA,NA,NA
"iRep=518",NA,NA,NA,NA,NA,NA,NA,NA
"iRep=519",NA,NA,NA,NA,NA,NA,NA,NA
"iRep=520",NA,NA,NA,NA,NA,NA,NA,NA
"iRep=521",NA,NA,NA,NA,NA,NA,NA,NA
"iRep=522",NA,NA,NA,NA,NA,NA,NA,NA
"iRep=523",NA,NA,NA,NA,NA,NA,NA,NA
"iRep=524",NA,NA,NA,NA,NA,NA,NA,NA
"iRep=525",NA,NA,NA,NA,NA,NA,NA,NA
"iRep=526",NA,NA,NA,NA,NA,NA,NA,NA
"iRep=527",NA,NA,NA,NA,NA,NA,NA,NA
"iRep=528",NA,NA,NA,NA,NA,NA,NA,NA
"iRep=529",NA,NA,NA,NA,NA,NA,NA,NA
"iRep=530",NA,NA,NA,NA,NA,NA,NA,NA
"iRep=531",NA,NA,NA,NA,NA,NA,NA,NA
"iRep=532",NA,NA,NA,NA,NA,NA,NA,NA
"iRep=533",NA,NA,NA,NA,NA,NA,NA,NA
"iRep=534",NA,NA,NA,NA,NA,NA,NA,NA
"iRep=535",NA,NA,NA,NA,NA,NA,NA,NA
"iRep=536",NA,NA,NA,NA,NA,NA,NA,NA
"iRep=537",NA,NA,NA,NA,NA,NA,NA,NA
"iRep=538",NA,NA,NA,NA,NA,NA,NA,NA
"iRep=539",NA,NA,NA,NA,NA,NA,NA,NA
"iRep=540",NA,NA,NA,NA,NA,NA,NA,NA
"iRep=541",NA,NA,NA,NA,NA,NA,NA,NA
"iRep=542",NA,NA,NA,NA,NA,NA,NA,NA
"iRep=543",NA,NA,NA,NA,NA,NA,NA,NA
"iRep=544",NA,NA,NA,NA,NA,NA,NA,NA
"iRep=545",NA,NA,NA,NA,NA,NA,NA,NA
"iRep=546",NA,NA,NA,NA,NA,NA,NA,NA
"iRep=547",NA,NA,NA,NA,NA,NA,NA,NA
"iRep=548",NA,NA,NA,NA,NA,NA,NA,NA
"iRep=549",NA,NA,NA,NA,NA,NA,NA,NA
"iRep=550",NA,NA,NA,NA,NA,NA,NA,NA
"iRep=551",NA,NA,NA,NA,NA,NA,NA,NA
"iRep=552",NA,NA,NA,NA,NA,NA,NA,NA
"iRep=553",NA,NA,NA,NA,NA,NA,NA,NA
"iRep=554",NA,NA,NA,NA,NA,NA,NA,NA
"iRep=555",NA,NA,NA,NA,NA,NA,NA,NA
"iRep=556",NA,NA,NA,NA,NA,NA,NA,NA
"iRep=557",NA,NA,NA,NA,NA,NA,NA,NA
"iRep=558",NA,NA,NA,NA,NA,NA,NA,NA
"iRep=559",NA,NA,NA,NA,NA,NA,NA,NA
"iRep=560",NA,NA,NA,NA,NA,NA,NA,NA
"iRep=561",NA,NA,NA,NA,NA,NA,NA,NA
"iRep=562",NA,NA,NA,NA,NA,NA,NA,NA
"iRep=563",NA,NA,NA,NA,NA,NA,NA,NA
"iRep=564",NA,NA,NA,NA,NA,NA,NA,NA
"iRep=565",NA,NA,NA,NA,NA,NA,NA,NA
"iRep=566",NA,NA,NA,NA,NA,NA,NA,NA
"iRep=567",NA,NA,NA,NA,NA,NA,NA,NA
"iRep=568",NA,NA,NA,NA,NA,NA,NA,NA
"iRep=569",NA,NA,NA,NA,NA,NA,NA,NA
"iRep=570",NA,NA,NA,NA,NA,NA,NA,NA
"iRep=571",NA,NA,NA,NA,NA,NA,NA,NA
"iRep=572",NA,NA,NA,NA,NA,NA,NA,NA
"iRep=573",NA,NA,NA,NA,NA,NA,NA,NA
"iRep=574",NA,NA,NA,NA,NA,NA,NA,NA
"iRep=575",NA,NA,NA,NA,NA,NA,NA,NA
"iRep=576",NA,NA,NA,NA,NA,NA,NA,NA
"iRep=577",NA,NA,NA,NA,NA,NA,NA,NA
"iRep=578",NA,NA,NA,NA,NA,NA,NA,NA
"iRep=579",NA,NA,NA,NA,NA,NA,NA,NA
"iRep=580",NA,NA,NA,NA,NA,NA,NA,NA
"iRep=581",NA,NA,NA,NA,NA,NA,NA,NA
"iRep=582",NA,NA,NA,NA,NA,NA,NA,NA
"iRep=583",NA,NA,NA,NA,NA,NA,NA,NA
"iRep=584",NA,NA,NA,NA,NA,NA,NA,NA
"iRep=585",NA,NA,NA,NA,NA,NA,NA,NA
"iRep=586",NA,NA,NA,NA,NA,NA,NA,NA
"iRep=587",NA,NA,NA,NA,NA,NA,NA,NA
"iRep=588",NA,NA,NA,NA,NA,NA,NA,NA
"iRep=589",NA,NA,NA,NA,NA,NA,NA,NA
"iRep=590",NA,NA,NA,NA,NA,NA,NA,NA
"iRep=591",NA,NA,NA,NA,NA,NA,NA,NA
"iRep=592",NA,NA,NA,NA,NA,NA,NA,NA
"iRep=593",NA,NA,NA,NA,NA,NA,NA,NA
"iRep=594",NA,NA,NA,NA,NA,NA,NA,NA
"iRep=595",NA,NA,NA,NA,NA,NA,NA,NA
"iRep=596",NA,NA,NA,NA,NA,NA,NA,NA
"iRep=597",NA,NA,NA,NA,NA,NA,NA,NA
"iRep=598",NA,NA,NA,NA,NA,NA,NA,NA
"iRep=599",NA,NA,NA,NA,NA,NA,NA,NA
"iRep=600",NA,NA,NA,NA,NA,NA,NA,NA
"iRep=601",NA,NA,NA,NA,NA,NA,NA,NA
"iRep=602",NA,NA,NA,NA,NA,NA,NA,NA
"iRep=603",NA,NA,NA,NA,NA,NA,NA,NA
"iRep=604",NA,NA,NA,NA,NA,NA,NA,NA
"iRep=605",NA,NA,NA,NA,NA,NA,NA,NA
"iRep=606",NA,NA,NA,NA,NA,NA,NA,NA
"iRep=607",NA,NA,NA,NA,NA,NA,NA,NA
"iRep=608",NA,NA,NA,NA,NA,NA,NA,NA
"iRep=609",NA,NA,NA,NA,NA,NA,NA,NA
"iRep=610",NA,NA,NA,NA,NA,NA,NA,NA
"iRep=611",NA,NA,NA,NA,NA,NA,NA,NA
"iRep=612",NA,NA,NA,NA,NA,NA,NA,NA
"iRep=613",NA,NA,NA,NA,NA,NA,NA,NA
"iRep=614",NA,NA,NA,NA,NA,NA,NA,NA
"iRep=615",NA,NA,NA,NA,NA,NA,NA,NA
"iRep=616",NA,NA,NA,NA,NA,NA,NA,NA
"iRep=617",NA,NA,NA,NA,NA,NA,NA,NA
"iRep=618",NA,NA,NA,NA,NA,NA,NA,NA
"iRep=619",NA,NA,NA,NA,NA,NA,NA,NA
"iRep=620",NA,NA,NA,NA,NA,NA,NA,NA
"iRep=621",NA,NA,NA,NA,NA,NA,NA,NA
"iRep=622",NA,NA,NA,NA,NA,NA,NA,NA
"iRep=623",NA,NA,NA,NA,NA,NA,NA,NA
"iRep=624",NA,NA,NA,NA,NA,NA,NA,NA
"iRep=625",NA,NA,NA,NA,NA,NA,NA,NA
"iRep=626",NA,NA,NA,NA,NA,NA,NA,NA
"iRep=627",NA,NA,NA,NA,NA,NA,NA,NA
"iRep=628",NA,NA,NA,NA,NA,NA,NA,NA
"iRep=629",NA,NA,NA,NA,NA,NA,NA,NA
"iRep=630",NA,NA,NA,NA,NA,NA,NA,NA
"iRep=631",NA,NA,NA,NA,NA,NA,NA,NA
"iRep=632",NA,NA,NA,NA,NA,NA,NA,NA
"iRep=633",NA,NA,NA,NA,NA,NA,NA,NA
"iRep=634",NA,NA,NA,NA,NA,NA,NA,NA
"iRep=635",NA,NA,NA,NA,NA,NA,NA,NA
"iRep=636",NA,NA,NA,NA,NA,NA,NA,NA
"iRep=637",NA,NA,NA,NA,NA,NA,NA,NA
"iRep=638",NA,NA,NA,NA,NA,NA,NA,NA
"iRep=639",NA,NA,NA,NA,NA,NA,NA,NA
"iRep=640",NA,NA,NA,NA,NA,NA,NA,NA
"iRep=641",NA,NA,NA,NA,NA,NA,NA,NA
"iRep=642",NA,NA,NA,NA,NA,NA,NA,NA
"iRep=643",NA,NA,NA,NA,NA,NA,NA,NA
"iRep=644",NA,NA,NA,NA,NA,NA,NA,NA
"iRep=645",NA,NA,NA,NA,NA,NA,NA,NA
"iRep=646",NA,NA,NA,NA,NA,NA,NA,NA
"iRep=647",NA,NA,NA,NA,NA,NA,NA,NA
"iRep=648",NA,NA,NA,NA,NA,NA,NA,NA
"iRep=649",NA,NA,NA,NA,NA,NA,NA,NA
"iRep=650",NA,NA,NA,NA,NA,NA,NA,NA
"iRep=651",NA,NA,NA,NA,NA,NA,NA,NA
"iRep=652",NA,NA,NA,NA,NA,NA,NA,NA
"iRep=653",NA,NA,NA,NA,NA,NA,NA,NA
"iRep=654",NA,NA,NA,NA,NA,NA,NA,NA
"iRep=655",NA,NA,NA,NA,NA,NA,NA,NA
"iRep=656",NA,NA,NA,NA,NA,NA,NA,NA
"iRep=657",NA,NA,NA,NA,NA,NA,NA,NA
"iRep=658",NA,NA,NA,NA,NA,NA,NA,NA
"iRep=659",NA,NA,NA,NA,NA,NA,NA,NA
"iRep=660",NA,NA,NA,NA,NA,NA,NA,NA
"iRep=661",NA,NA,NA,NA,NA,NA,NA,NA
"iRep=662",NA,NA,NA,NA,NA,NA,NA,NA
"iRep=663",NA,NA,NA,NA,NA,NA,NA,NA
"iRep=664",NA,NA,NA,NA,NA,NA,NA,NA
"iRep=665",NA,NA,NA,NA,NA,NA,NA,NA
"iRep=666",NA,NA,NA,NA,NA,NA,NA,NA
"iRep=667",NA,NA,NA,NA,NA,NA,NA,NA
"iRep=668",NA,NA,NA,NA,NA,NA,NA,NA
"iRep=669",NA,NA,NA,NA,NA,NA,NA,NA
"iRep=670",NA,NA,NA,NA,NA,NA,NA,NA
"iRep=671",NA,NA,NA,NA,NA,NA,NA,NA
"iRep=672",NA,NA,NA,NA,NA,NA,NA,NA
"iRep=673",NA,NA,NA,NA,NA,NA,NA,NA
"iRep=674",NA,NA,NA,NA,NA,NA,NA,NA
"iRep=675",NA,NA,NA,NA,NA,NA,NA,NA
"iRep=676",NA,NA,NA,NA,NA,NA,NA,NA
"iRep=677",NA,NA,NA,NA,NA,NA,NA,NA
"iRep=678",NA,NA,NA,NA,NA,NA,NA,NA
"iRep=679",NA,NA,NA,NA,NA,NA,NA,NA
"iRep=680",NA,NA,NA,NA,NA,NA,NA,NA
"iRep=681",NA,NA,NA,NA,NA,NA,NA,NA
"iRep=682",NA,NA,NA,NA,NA,NA,NA,NA
"iRep=683",NA,NA,NA,NA,NA,NA,NA,NA
"iRep=684",NA,NA,NA,NA,NA,NA,NA,NA
"iRep=685",NA,NA,NA,NA,NA,NA,NA,NA
"iRep=686",NA,NA,NA,NA,NA,NA,NA,NA
"iRep=687",NA,NA,NA,NA,NA,NA,NA,NA
"iRep=688",NA,NA,NA,NA,NA,NA,NA,NA
"iRep=689",NA,NA,NA,NA,NA,NA,NA,NA
"iRep=690",NA,NA,NA,NA,NA,NA,NA,NA
"iRep=691",NA,NA,NA,NA,NA,NA,NA,NA
"iRep=692",NA,NA,NA,NA,NA,NA,NA,NA
"iRep=693",NA,NA,NA,NA,NA,NA,NA,NA
"iRep=694",NA,NA,NA,NA,NA,NA,NA,NA
"iRep=695",NA,NA,NA,NA,NA,NA,NA,NA
"iRep=696",NA,NA,NA,NA,NA,NA,NA,NA
"iRep=697",NA,NA,NA,NA,NA,NA,NA,NA
"iRep=698",NA,NA,NA,NA,NA,NA,NA,NA
"iRep=699",NA,NA,NA,NA,NA,NA,NA,NA
"iRep=700",NA,NA,NA,NA,NA,NA,NA,NA
"iRep=701",NA,NA,NA,NA,NA,NA,NA,NA
"iRep=702",NA,NA,NA,NA,NA,NA,NA,NA
"iRep=703",NA,NA,NA,NA,NA,NA,NA,NA
"iRep=704",NA,NA,NA,NA,NA,NA,NA,NA
"iRep=705",NA,NA,NA,NA,NA,NA,NA,NA
"iRep=706",NA,NA,NA,NA,NA,NA,NA,NA
"iRep=707",NA,NA,NA,NA,NA,NA,NA,NA
"iRep=708",NA,NA,NA,NA,NA,NA,NA,NA
"iRep=709",NA,NA,NA,NA,NA,NA,NA,NA
"iRep=710",NA,NA,NA,NA,NA,NA,NA,NA
"iRep=711",NA,NA,NA,NA,NA,NA,NA,NA
"iRep=712",NA,NA,NA,NA,NA,NA,NA,NA
"iRep=713",NA,NA,NA,NA,NA,NA,NA,NA
"iRep=714",NA,NA,NA,NA,NA,NA,NA,NA
"iRep=715",NA,NA,NA,NA,NA,NA,NA,NA
"iRep=716",NA,NA,NA,NA,NA,NA,NA,NA
"iRep=717",NA,NA,NA,NA,NA,NA,NA,NA
"iRep=718",NA,NA,NA,NA,NA,NA,NA,NA
"iRep=719",NA,NA,NA,NA,NA,NA,NA,NA
"iRep=720",NA,NA,NA,NA,NA,NA,NA,NA
"iRep=721",NA,NA,NA,NA,NA,NA,NA,NA
"iRep=722",NA,NA,NA,NA,NA,NA,NA,NA
"iRep=723",NA,NA,NA,NA,NA,NA,NA,NA
"iRep=724",NA,NA,NA,NA,NA,NA,NA,NA
"iRep=725",NA,NA,NA,NA,NA,NA,NA,NA
"iRep=726",NA,NA,NA,NA,NA,NA,NA,NA
"iRep=727",NA,NA,NA,NA,NA,NA,NA,NA
"iRep=728",NA,NA,NA,NA,NA,NA,NA,NA
"iRep=729",NA,NA,NA,NA,NA,NA,NA,NA
"iRep=730",NA,NA,NA,NA,NA,NA,NA,NA
"iRep=731",NA,NA,NA,NA,NA,NA,NA,NA
"iRep=732",NA,NA,NA,NA,NA,NA,NA,NA
"iRep=733",NA,NA,NA,NA,NA,NA,NA,NA
"iRep=734",NA,NA,NA,NA,NA,NA,NA,NA
"iRep=735",NA,NA,NA,NA,NA,NA,NA,NA
"iRep=736",NA,NA,NA,NA,NA,NA,NA,NA
"iRep=737",NA,NA,NA,NA,NA,NA,NA,NA
"iRep=738",NA,NA,NA,NA,NA,NA,NA,NA
"iRep=739",NA,NA,NA,NA,NA,NA,NA,NA
"iRep=740",NA,NA,NA,NA,NA,NA,NA,NA
"iRep=741",NA,NA,NA,NA,NA,NA,NA,NA
"iRep=742",NA,NA,NA,NA,NA,NA,NA,NA
"iRep=743",NA,NA,NA,NA,NA,NA,NA,NA
"iRep=744",NA,NA,NA,NA,NA,NA,NA,NA
"iRep=745",NA,NA,NA,NA,NA,NA,NA,NA
"iRep=746",NA,NA,NA,NA,NA,NA,NA,NA
"iRep=747",NA,NA,NA,NA,NA,NA,NA,NA
"iRep=748",NA,NA,NA,NA,NA,NA,NA,NA
"iRep=749",NA,NA,NA,NA,NA,NA,NA,NA
"iRep=750",NA,NA,NA,NA,NA,NA,NA,NA
"iRep=751",NA,NA,NA,NA,NA,NA,NA,NA
"iRep=752",NA,NA,NA,NA,NA,NA,NA,NA
"iRep=753",NA,NA,NA,NA,NA,NA,NA,NA
"iRep=754",NA,NA,NA,NA,NA,NA,NA,NA
"iRep=755",NA,NA,NA,NA,NA,NA,NA,NA
"iRep=756",NA,NA,NA,NA,NA,NA,NA,NA
"iRep=757",NA,NA,NA,NA,NA,NA,NA,NA
"iRep=758",NA,NA,NA,NA,NA,NA,NA,NA
"iRep=759",NA,NA,NA,NA,NA,NA,NA,NA
"iRep=760",NA,NA,NA,NA,NA,NA,NA,NA
"iRep=761",NA,NA,NA,NA,NA,NA,NA,NA
"iRep=762",NA,NA,NA,NA,NA,NA,NA,NA
"iRep=763",NA,NA,NA,NA,NA,NA,NA,NA
"iRep=764",NA,NA,NA,NA,NA,NA,NA,NA
"iRep=765",NA,NA,NA,NA,NA,NA,NA,NA
"iRep=766",NA,NA,NA,NA,NA,NA,NA,NA
"iRep=767",NA,NA,NA,NA,NA,NA,NA,NA
"iRep=768",NA,NA,NA,NA,NA,NA,NA,NA
"iRep=769",NA,NA,NA,NA,NA,NA,NA,NA
"iRep=770",NA,NA,NA,NA,NA,NA,NA,NA
"iRep=771",NA,NA,NA,NA,NA,NA,NA,NA
"iRep=772",NA,NA,NA,NA,NA,NA,NA,NA
"iRep=773",NA,NA,NA,NA,NA,NA,NA,NA
"iRep=774",NA,NA,NA,NA,NA,NA,NA,NA
"iRep=775",NA,NA,NA,NA,NA,NA,NA,NA
"iRep=776",NA,NA,NA,NA,NA,NA,NA,NA
"iRep=777",NA,NA,NA,NA,NA,NA,NA,NA
"iRep=778",NA,NA,NA,NA,NA,NA,NA,NA
"iRep=779",NA,NA,NA,NA,NA,NA,NA,NA
"iRep=780",NA,NA,NA,NA,NA,NA,NA,NA
"iRep=781",NA,NA,NA,NA,NA,NA,NA,NA
"iRep=782",NA,NA,NA,NA,NA,NA,NA,NA
"iRep=783",NA,NA,NA,NA,NA,NA,NA,NA
"iRep=784",NA,NA,NA,NA,NA,NA,NA,NA
"iRep=785",NA,NA,NA,NA,NA,NA,NA,NA
"iRep=786",NA,NA,NA,NA,NA,NA,NA,NA
"iRep=787",NA,NA,NA,NA,NA,NA,NA,NA
"iRep=788",NA,NA,NA,NA,NA,NA,NA,NA
"iRep=789",NA,NA,NA,NA,NA,NA,NA,NA
"iRep=790",NA,NA,NA,NA,NA,NA,NA,NA
"iRep=791",NA,NA,NA,NA,NA,NA,NA,NA
"iRep=792",NA,NA,NA,NA,NA,NA,NA,NA
"iRep=793",NA,NA,NA,NA,NA,NA,NA,NA
"iRep=794",NA,NA,NA,NA,NA,NA,NA,NA
"iRep=795",NA,NA,NA,NA,NA,NA,NA,NA
"iRep=796",NA,NA,NA,NA,NA,NA,NA,NA
"iRep=797",NA,NA,NA,NA,NA,NA,NA,NA
"iRep=798",NA,NA,NA,NA,NA,NA,NA,NA
"iRep=799",NA,NA,NA,NA,NA,NA,NA,NA
"iRep=800",NA,NA,NA,NA,NA,NA,NA,NA
"iRep=801",NA,NA,NA,NA,NA,NA,NA,NA
"iRep=802",NA,NA,NA,NA,NA,NA,NA,NA
"iRep=803",NA,NA,NA,NA,NA,NA,NA,NA
"iRep=804",NA,NA,NA,NA,NA,NA,NA,NA
"iRep=805",NA,NA,NA,NA,NA,NA,NA,NA
"iRep=806",NA,NA,NA,NA,NA,NA,NA,NA
"iRep=807",NA,NA,NA,NA,NA,NA,NA,NA
"iRep=808",NA,NA,NA,NA,NA,NA,NA,NA
"iRep=809",NA,NA,NA,NA,NA,NA,NA,NA
"iRep=810",NA,NA,NA,NA,NA,NA,NA,NA
"iRep=811",NA,NA,NA,NA,NA,NA,NA,NA
"iRep=812",NA,NA,NA,NA,NA,NA,NA,NA
"iRep=813",NA,NA,NA,NA,NA,NA,NA,NA
"iRep=814",NA,NA,NA,NA,NA,NA,NA,NA
"iRep=815",NA,NA,NA,NA,NA,NA,NA,NA
"iRep=816",NA,NA,NA,NA,NA,NA,NA,NA
"iRep=817",NA,NA,NA,NA,NA,NA,NA,NA
"iRep=818",NA,NA,NA,NA,NA,NA,NA,NA
"iRep=819",NA,NA,NA,NA,NA,NA,NA,NA
"iRep=820",NA,NA,NA,NA,NA,NA,NA,NA
"iRep=821",NA,NA,NA,NA,NA,NA,NA,NA
"iRep=822",NA,NA,NA,NA,NA,NA,NA,NA
"iRep=823",NA,NA,NA,NA,NA,NA,NA,NA
"iRep=824",NA,NA,NA,NA,NA,NA,NA,NA
"iRep=825",NA,NA,NA,NA,NA,NA,NA,NA
"iRep=826",NA,NA,NA,NA,NA,NA,NA,NA
"iRep=827",NA,NA,NA,NA,NA,NA,NA,NA
"iRep=828",NA,NA,NA,NA,NA,NA,NA,NA
"iRep=829",NA,NA,NA,NA,NA,NA,NA,NA
"iRep=830",NA,NA,NA,NA,NA,NA,NA,NA
"iRep=831",NA,NA,NA,NA,NA,NA,NA,NA
"iRep=832",NA,NA,NA,NA,NA,NA,NA,NA
"iRep=833",NA,NA,NA,NA,NA,NA,NA,NA
"iRep=834",NA,NA,NA,NA,NA,NA,NA,NA
"iRep=835",NA,NA,NA,NA,NA,NA,NA,NA
"iRep=836",NA,NA,NA,NA,NA,NA,NA,NA
"iRep=837",NA,NA,NA,NA,NA,NA,NA,NA
"iRep=838",NA,NA,NA,NA,NA,NA,NA,NA
"iRep=839",NA,NA,NA,NA,NA,NA,NA,NA
"iRep=840",NA,NA,NA,NA,NA,NA,NA,NA
"iRep=841",NA,NA,NA,NA,NA,NA,NA,NA
"iRep=842",NA,NA,NA,NA,NA,NA,NA,NA
"iRep=843",NA,NA,NA,NA,NA,NA,NA,NA
"iRep=844",NA,NA,NA,NA,NA,NA,NA,NA
"iRep=845",NA,NA,NA,NA,NA,NA,NA,NA
"iRep=846",NA,NA,NA,NA,NA,NA,NA,NA
"iRep=847",NA,NA,NA,NA,NA,NA,NA,NA
"iRep=848",NA,NA,NA,NA,NA,NA,NA,NA
"iRep=849",NA,NA,NA,NA,NA,NA,NA,NA
"iRep=850",NA,NA,NA,NA,NA,NA,NA,NA
"iRep=851",NA,NA,NA,NA,NA,NA,NA,NA
"iRep=852",NA,NA,NA,NA,NA,NA,NA,NA
"iRep=853",NA,NA,NA,NA,NA,NA,NA,NA
"iRep=854",NA,NA,NA,NA,NA,NA,NA,NA
"iRep=855",NA,NA,NA,NA,NA,NA,NA,NA
"iRep=856",NA,NA,NA,NA,NA,NA,NA,NA
"iRep=857",NA,NA,NA,NA,NA,NA,NA,NA
"iRep=858",NA,NA,NA,NA,NA,NA,NA,NA
"iRep=859",NA,NA,NA,NA,NA,NA,NA,NA
"iRep=860",NA,NA,NA,NA,NA,NA,NA,NA
"iRep=861",NA,NA,NA,NA,NA,NA,NA,NA
"iRep=862",NA,NA,NA,NA,NA,NA,NA,NA
"iRep=863",NA,NA,NA,NA,NA,NA,NA,NA
"iRep=864",NA,NA,NA,NA,NA,NA,NA,NA
"iRep=865",NA,NA,NA,NA,NA,NA,NA,NA
"iRep=866",NA,NA,NA,NA,NA,NA,NA,NA
"iRep=867",NA,NA,NA,NA,NA,NA,NA,NA
"iRep=868",NA,NA,NA,NA,NA,NA,NA,NA
"iRep=869",NA,NA,NA,NA,NA,NA,NA,NA
"iRep=870",NA,NA,NA,NA,NA,NA,NA,NA
"iRep=871",NA,NA,NA,NA,NA,NA,NA,NA
"iRep=872",NA,NA,NA,NA,NA,NA,NA,NA
"iRep=873",NA,NA,NA,NA,NA,NA,NA,NA
"iRep=874",NA,NA,NA,NA,NA,NA,NA,NA
"iRep=875",NA,NA,NA,NA,NA,NA,NA,NA
"iRep=876",NA,NA,NA,NA,NA,NA,NA,NA
"iRep=877",NA,NA,NA,NA,NA,NA,NA,NA
"iRep=878",NA,NA,NA,NA,NA,NA,NA,NA
"iRep=879",NA,NA,NA,NA,NA,NA,NA,NA
"iRep=880",NA,NA,NA,NA,NA,NA,NA,NA
"iRep=881",NA,NA,NA,NA,NA,NA,NA,NA
"iRep=882",NA,NA,NA,NA,NA,NA,NA,NA
"iRep=883",NA,NA,NA,NA,NA,NA,NA,NA
"iRep=884",NA,NA,NA,NA,NA,NA,NA,NA
"iRep=885",NA,NA,NA,NA,NA,NA,NA,NA
"iRep=886",NA,NA,NA,NA,NA,NA,NA,NA
"iRep=887",NA,NA,NA,NA,NA,NA,NA,NA
"iRep=888",NA,NA,NA,NA,NA,NA,NA,NA
"iRep=889",NA,NA,NA,NA,NA,NA,NA,NA
"iRep=890",NA,NA,NA,NA,NA,NA,NA,NA
"iRep=891",NA,NA,NA,NA,NA,NA,NA,NA
"iRep=892",NA,NA,NA,NA,NA,NA,NA,NA
"iRep=893",NA,NA,NA,NA,NA,NA,NA,NA
"iRep=894",NA,NA,NA,NA,NA,NA,NA,NA
"iRep=895",NA,NA,NA,NA,NA,NA,NA,NA
"iRep=896",NA,NA,NA,NA,NA,NA,NA,NA
"iRep=897",NA,NA,NA,NA,NA,NA,NA,NA
"iRep=898",NA,NA,NA,NA,NA,NA,NA,NA
"iRep=899",NA,NA,NA,NA,NA,NA,NA,NA
"iRep=900",NA,NA,NA,NA,NA,NA,NA,NA
"iRep=901",NA,NA,NA,NA,NA,NA,NA,NA
"iRep=902",NA,NA,NA,NA,NA,NA,NA,NA
"iRep=903",NA,NA,NA,NA,NA,NA,NA,NA
"iRep=904",NA,NA,NA,NA,NA,NA,NA,NA
"iRep=905",NA,NA,NA,NA,NA,NA,NA,NA
"iRep=906",NA,NA,NA,NA,NA,NA,NA,NA
"iRep=907",NA,NA,NA,NA,NA,NA,NA,NA
"iRep=908",NA,NA,NA,NA,NA,NA,NA,NA
"iRep=909",NA,NA,NA,NA,NA,NA,NA,NA
"iRep=910",NA,NA,NA,NA,NA,NA,NA,NA
"iRep=911",NA,NA,NA,NA,NA,NA,NA,NA
"iRep=912",NA,NA,NA,NA,NA,NA,NA,NA
"iRep=913",NA,NA,NA,NA,NA,NA,NA,NA
"iRep=914",NA,NA,NA,NA,NA,NA,NA,NA
"iRep=915",NA,NA,NA,NA,NA,NA,NA,NA
"iRep=916",NA,NA,NA,NA,NA,NA,NA,NA
"iRep=917",NA,NA,NA,NA,NA,NA,NA,NA
"iRep=918",NA,NA,NA,NA,NA,NA,NA,NA
"iRep=919",NA,NA,NA,NA,NA,NA,NA,NA
"iRep=920",NA,NA,NA,NA,NA,NA,NA,NA
"iRep=921",NA,NA,NA,NA,NA,NA,NA,NA
"iRep=922",NA,NA,NA,NA,NA,NA,NA,NA
"iRep=923",NA,NA,NA,NA,NA,NA,NA,NA
"iRep=924",NA,NA,NA,NA,NA,NA,NA,NA
"iRep=925",NA,NA,NA,NA,NA,NA,NA,NA
"iRep=926",NA,NA,NA,NA,NA,NA,NA,NA
"iRep=927",NA,NA,NA,NA,NA,NA,NA,NA
"iRep=928",NA,NA,NA,NA,NA,NA,NA,NA
"iRep=929",NA,NA,NA,NA,NA,NA,NA,NA
"iRep=930",NA,NA,NA,NA,NA,NA,NA,NA
"iRep=931",NA,NA,NA,NA,NA,NA,NA,NA
"iRep=932",NA,NA,NA,NA,NA,NA,NA,NA
"iRep=933",NA,NA,NA,NA,NA,NA,NA,NA
"iRep=934",NA,NA,NA,NA,NA,NA,NA,NA
"iRep=935",NA,NA,NA,NA,NA,NA,NA,NA
"iRep=936",NA,NA,NA,NA,NA,NA,NA,NA
"iRep=937",NA,NA,NA,NA,NA,NA,NA,NA
"iRep=938",NA,NA,NA,NA,NA,NA,NA,NA
"iRep=939",NA,NA,NA,NA,NA,NA,NA,NA
"iRep=940",NA,NA,NA,NA,NA,NA,NA,NA
"iRep=941",NA,NA,NA,NA,NA,NA,NA,NA
"iRep=942",NA,NA,NA,NA,NA,NA,NA,NA
"iRep=943",NA,NA,NA,NA,NA,NA,NA,NA
"iRep=944",NA,NA,NA,NA,NA,NA,NA,NA
"iRep=945",NA,NA,NA,NA,NA,NA,NA,NA
"iRep=946",NA,NA,NA,NA,NA,NA,NA,NA
"iRep=947",NA,NA,NA,NA,NA,NA,NA,NA
"iRep=948",NA,NA,NA,NA,NA,NA,NA,NA
"iRep=949",NA,NA,NA,NA,NA,NA,NA,NA
"iRep=950",NA,NA,NA,NA,NA,NA,NA,NA
"iRep=951",NA,NA,NA,NA,NA,NA,NA,NA
"iRep=952",NA,NA,NA,NA,NA,NA,NA,NA
"iRep=953",NA,NA,NA,NA,NA,NA,NA,NA
"iRep=954",NA,NA,NA,NA,NA,NA,NA,NA
"iRep=955",NA,NA,NA,NA,NA,NA,NA,NA
"iRep=956",NA,NA,NA,NA,NA,NA,NA,NA
"iRep=957",NA,NA,NA,NA,NA,NA,NA,NA
"iRep=958",NA,NA,NA,NA,NA,NA,NA,NA
"iRep=959",NA,NA,NA,NA,NA,NA,NA,NA
"iRep=960",NA,NA,NA,NA,NA,NA,NA,NA
"iRep=961",NA,NA,NA,NA,NA,NA,NA,NA
"iRep=962",NA,NA,NA,NA,NA,NA,NA,NA
"iRep=963",NA,NA,NA,NA,NA,NA,NA,NA
"iRep=964",NA,NA,NA,NA,NA,NA,NA,NA
"iRep=965",NA,NA,NA,NA,NA,NA,NA,NA
"iRep=966",NA,NA,NA,NA,NA,NA,NA,NA
"iRep=967",NA,NA,NA,NA,NA,NA,NA,NA
"iRep=968",NA,NA,NA,NA,NA,NA,NA,NA
"iRep=969",NA,NA,NA,NA,NA,NA,NA,NA
"iRep=970",NA,NA,NA,NA,NA,NA,NA,NA
"iRep=971",NA,NA,NA,NA,NA,NA,NA,NA
"iRep=972",NA,NA,NA,NA,NA,NA,NA,NA
"iRep=973",NA,NA,NA,NA,NA,NA,NA,NA
"iRep=974",NA,NA,NA,NA,NA,NA,NA,NA
"iRep=975",NA,NA,NA,NA,NA,NA,NA,NA
"iRep=976",NA,NA,NA,NA,NA,NA,NA,NA
"iRep=977",NA,NA,NA,NA,NA,NA,NA,NA
"iRep=978",NA,NA,NA,NA,NA,NA,NA,NA
"iRep=979",NA,NA,NA,NA,NA,NA,NA,NA
"iRep=980",NA,NA,NA,NA,NA,NA,NA,NA
"iRep=981",NA,NA,NA,NA,NA,NA,NA,NA
"iRep=982",NA,NA,NA,NA,NA,NA,NA,NA
"iRep=983",NA,NA,NA,NA,NA,NA,NA,NA
"iRep=984",NA,NA,NA,NA,NA,NA,NA,NA
"iRep=985",NA,NA,NA,NA,NA,NA,NA,NA
"iRep=986",NA,NA,NA,NA,NA,NA,NA,NA
"iRep=987",NA,NA,NA,NA,NA,NA,NA,NA
"iRep=988",NA,NA,NA,NA,NA,NA,NA,NA
"iRep=989",NA,NA,NA,NA,NA,NA,NA,NA
"iRep=990",NA,NA,NA,NA,NA,NA,NA,NA
"iRep=991",NA,NA,NA,NA,NA,NA,NA,NA
"iRep=992",NA,NA,NA,NA,NA,NA,NA,NA
"iRep=993",NA,NA,NA,NA,NA,NA,NA,NA
"iRep=994",NA,NA,NA,NA,NA,NA,NA,NA
"iRep=995",NA,NA,NA,NA,NA,NA,NA,NA
"iRep=996",NA,NA,NA,NA,NA,NA,NA,NA
"iRep=997",NA,NA,NA,NA,NA,NA,NA,NA
"iRep=998",NA,NA,NA,NA,NA,NA,NA,NA
"iRep=999",NA,NA,NA,NA,NA,NA,NA,NA
"iRep=1000",NA,NA,NA,NA,NA,NA,NA,NA
